
<RENDERBATCH>

  <RENDERIMG RASNAME="\\turing\homes\project_DCC-IP\microblaze_dcc\report\imgs\proc_sys_reset_0.jpg" SVGNAME="\\turing\homes\project_DCC-IP\microblaze_dcc\report\imgs\proc_sys_reset_0.svg" TMPSVGFN="\\turing\homes\project_DCC-IP\microblaze_dcc\__xps\.dswkshop\proc_sys_reset_0.svg"/>

  <RENDERIMG RASNAME="\\turing\homes\project_DCC-IP\microblaze_dcc\report\imgs\microblaze_0_ilmb.jpg" SVGNAME="\\turing\homes\project_DCC-IP\microblaze_dcc\report\imgs\microblaze_0_ilmb.svg" TMPSVGFN="\\turing\homes\project_DCC-IP\microblaze_dcc\__xps\.dswkshop\microblaze_0_ilmb.svg"/>

  <RENDERIMG RASNAME="\\turing\homes\project_DCC-IP\microblaze_dcc\report\imgs\microblaze_0_i_bram_ctrl.jpg" SVGNAME="\\turing\homes\project_DCC-IP\microblaze_dcc\report\imgs\microblaze_0_i_bram_ctrl.svg" TMPSVGFN="\\turing\homes\project_DCC-IP\microblaze_dcc\__xps\.dswkshop\microblaze_0_i_bram_ctrl.svg"/>

  <RENDERIMG RASNAME="\\turing\homes\project_DCC-IP\microblaze_dcc\report\imgs\microblaze_0_dlmb.jpg" SVGNAME="\\turing\homes\project_DCC-IP\microblaze_dcc\report\imgs\microblaze_0_dlmb.svg" TMPSVGFN="\\turing\homes\project_DCC-IP\microblaze_dcc\__xps\.dswkshop\microblaze_0_dlmb.svg"/>

  <RENDERIMG RASNAME="\\turing\homes\project_DCC-IP\microblaze_dcc\report\imgs\microblaze_0_d_bram_ctrl.jpg" SVGNAME="\\turing\homes\project_DCC-IP\microblaze_dcc\report\imgs\microblaze_0_d_bram_ctrl.svg" TMPSVGFN="\\turing\homes\project_DCC-IP\microblaze_dcc\__xps\.dswkshop\microblaze_0_d_bram_ctrl.svg"/>

  <RENDERIMG RASNAME="\\turing\homes\project_DCC-IP\microblaze_dcc\report\imgs\microblaze_0_bram_block.jpg" SVGNAME="\\turing\homes\project_DCC-IP\microblaze_dcc\report\imgs\microblaze_0_bram_block.svg" TMPSVGFN="\\turing\homes\project_DCC-IP\microblaze_dcc\__xps\.dswkshop\microblaze_0_bram_block.svg"/>

  <RENDERIMG RASNAME="\\turing\homes\project_DCC-IP\microblaze_dcc\report\imgs\microblaze_0.jpg" SVGNAME="\\turing\homes\project_DCC-IP\microblaze_dcc\report\imgs\microblaze_0.svg" TMPSVGFN="\\turing\homes\project_DCC-IP\microblaze_dcc\__xps\.dswkshop\microblaze_0.svg"/>

  <RENDERIMG RASNAME="\\turing\homes\project_DCC-IP\microblaze_dcc\report\imgs\debug_module.jpg" SVGNAME="\\turing\homes\project_DCC-IP\microblaze_dcc\report\imgs\debug_module.svg" TMPSVGFN="\\turing\homes\project_DCC-IP\microblaze_dcc\__xps\.dswkshop\debug_module.svg"/>

  <RENDERIMG RASNAME="\\turing\homes\project_DCC-IP\microblaze_dcc\report\imgs\clock_generator_0.jpg" SVGNAME="\\turing\homes\project_DCC-IP\microblaze_dcc\report\imgs\clock_generator_0.svg" TMPSVGFN="\\turing\homes\project_DCC-IP\microblaze_dcc\__xps\.dswkshop\clock_generator_0.svg"/>

  <RENDERIMG RASNAME="\\turing\homes\project_DCC-IP\microblaze_dcc\report\imgs\axi4lite_0.jpg" SVGNAME="\\turing\homes\project_DCC-IP\microblaze_dcc\report\imgs\axi4lite_0.svg" TMPSVGFN="\\turing\homes\project_DCC-IP\microblaze_dcc\__xps\.dswkshop\axi4lite_0.svg"/>

  <RENDERIMG RASNAME="\\turing\homes\project_DCC-IP\microblaze_dcc\report\imgs\USB_Uart.jpg" SVGNAME="\\turing\homes\project_DCC-IP\microblaze_dcc\report\imgs\USB_Uart.svg" TMPSVGFN="\\turing\homes\project_DCC-IP\microblaze_dcc\__xps\.dswkshop\USB_Uart.svg"/>

  <RENDERIMG RASNAME="\\turing\homes\project_DCC-IP\microblaze_dcc\report\imgs\Push_Buttons_3Bits.jpg" SVGNAME="\\turing\homes\project_DCC-IP\microblaze_dcc\report\imgs\Push_Buttons_3Bits.svg" TMPSVGFN="\\turing\homes\project_DCC-IP\microblaze_dcc\__xps\.dswkshop\Push_Buttons_3Bits.svg"/>

  <RENDERIMG RASNAME="\\turing\homes\project_DCC-IP\microblaze_dcc\report\imgs\LEDs_4Bits.jpg" SVGNAME="\\turing\homes\project_DCC-IP\microblaze_dcc\report\imgs\LEDs_4Bits.svg" TMPSVGFN="\\turing\homes\project_DCC-IP\microblaze_dcc\__xps\.dswkshop\LEDs_4Bits.svg"/>

  <RENDERIMG RASNAME="\\turing\homes\project_DCC-IP\microblaze_dcc\report\imgs\my_dcc_0.jpg" SVGNAME="\\turing\homes\project_DCC-IP\microblaze_dcc\report\imgs\my_dcc_0.svg" TMPSVGFN="\\turing\homes\project_DCC-IP\microblaze_dcc\__xps\.dswkshop\my_dcc_0.svg"/>

  <RENDERIMG RASNAME="\\turing\homes\project_DCC-IP\microblaze_dcc\report\imgs\system_blkd.jpg" SVGNAME="\\turing\homes\project_DCC-IP\microblaze_dcc\report\imgs\system_blkd.svg" TMPSVGFN="\\turing\homes\project_DCC-IP\microblaze_dcc\__xps\.dswkshop\system_blkd.svg"/>

</RENDERBATCH>